Round,Node_ID,Stake,Reputation,Node_Role,Vote_Count
1,Node-7,263,0.996686525,Delegate,35
1,Node-17,285,0.574752518,Follower,18
1,Node-11,89,0.103343757,Validator,22
1,Node-20,496,0.00953114,Leader,13
1,Node-16,277,0.813408022,Leader,40
1,Node-2,989,0.214278207,Validator,35
1,Node-8,746,0.953480339,Delegate,2
1,Node-22,311,0.662162341,Follower,32
1,Node-23,406,0.27461145,Validator,30
1,Node-15,840,0.822851816,Follower,40
1,Node-13,776,0.616466918,Delegate,3
1,Node-5,601,0.481321764,Delegate,42
1,Node-25,985,0.956002368,Leader,22
1,Node-19,904,0.040959769,Validator,39
1,Node-1,183,0.318246681,Validator,7
1,Node-24,377,0.245540431,Validator,12
1,Node-10,661,0.892028458,Validator,18
1,Node-4,431,0.322004136,Delegate,47
1,Node-18,578,0.592824723,Delegate,24
1,Node-14,539,0.162964018,Validator,31
1,Node-21,10,0.489903242,Delegate,35
1,Node-9,792,0.40598458,Leader,48
1,Node-3,133,0.518293984,Validator,31
1,Node-6,170,0.558425573,Delegate,23
1,Node-12,636,0.567299979,Delegate,0
2,Node-7,446,0.707550846,Delegate,18
2,Node-17,693,0.442843501,Follower,30
2,Node-11,652,0.318800495,Delegate,22
2,Node-20,226,0.462933484,Leader,12
2,Node-16,611,0.603107638,Delegate,18
2,Node-2,395,0.087369777,Leader,25
2,Node-8,755,0.93794919,Leader,23
2,Node-22,406,0.023446483,Validator,44
2,Node-23,433,0.383586442,Delegate,43
2,Node-15,185,0.214578124,Leader,30
2,Node-13,266,0.340974878,Follower,4
2,Node-5,154,0.606468806,Leader,23
2,Node-25,157,0.145250317,Validator,3
2,Node-19,370,0.241213354,Follower,34
2,Node-1,432,0.900179717,Follower,32
2,Node-24,114,0.776452005,Delegate,32
2,Node-10,150,0.838755728,Delegate,38
2,Node-4,973,0.801660567,Validator,20
2,Node-18,252,0.38667671,Follower,50
2,Node-14,571,0.868002882,Validator,22
2,Node-21,111,0.652659157,Delegate,12
2,Node-9,28,0.672680417,Follower,34
2,Node-3,45,0.994585347,Leader,11
2,Node-6,689,0.71708319,Leader,43
2,Node-12,567,0.14584345,Validator,20
3,Node-7,270,0.13709795,Leader,43
3,Node-17,102,0.706234919,Leader,41
3,Node-11,252,0.168436913,Delegate,49
3,Node-20,917,0.647877986,Follower,45
3,Node-16,997,0.621973597,Delegate,11
3,Node-2,902,0.357718646,Leader,37
3,Node-8,322,0.224117325,Follower,16
3,Node-22,312,0.458923325,Validator,2
3,Node-23,437,0.047750549,Leader,44
3,Node-15,753,0.141536036,Validator,33
3,Node-13,248,0.011177191,Follower,16
3,Node-5,133,0.565332957,Validator,19
3,Node-25,709,0.975632457,Validator,43
3,Node-19,571,0.274503164,Follower,49
3,Node-1,28,0.343143674,Follower,38
3,Node-24,943,0.740029531,Validator,7
3,Node-10,994,0.799381874,Validator,27
3,Node-4,365,0.865534764,Delegate,25
3,Node-18,634,0.560121193,Delegate,23
3,Node-14,138,0.664812654,Leader,29
3,Node-21,603,0.783129561,Leader,3
3,Node-9,112,0.341257366,Follower,48
3,Node-3,410,0.485822655,Leader,4
3,Node-6,460,0.303456825,Delegate,47
3,Node-12,80,0.64182058,Delegate,11
4,Node-7,922,0.098758015,Leader,41
4,Node-17,516,0.959634842,Leader,15
4,Node-11,742,0.601977719,Follower,34
4,Node-20,873,0.638403071,Follower,8
4,Node-16,738,0.115131172,Validator,36
4,Node-2,823,0.597901692,Leader,45
4,Node-8,498,0.683934326,Delegate,14
4,Node-22,840,0.493840025,Leader,0
4,Node-23,626,0.446012853,Leader,20
4,Node-15,72,0.161198499,Validator,39
4,Node-13,608,0.617399256,Leader,20
4,Node-5,859,0.618281479,Validator,5
4,Node-25,514,0.019239137,Delegate,17
4,Node-19,299,0.043860336,Validator,30
4,Node-1,532,0.156901866,Follower,0
4,Node-24,521,0.132989057,Validator,20
4,Node-10,19,0.513904443,Follower,44
4,Node-4,3,0.727354313,Follower,40
4,Node-18,902,0.715981725,Validator,4
4,Node-14,461,0.28535564,Validator,19
4,Node-21,515,0.944207632,Leader,29
4,Node-9,548,0.756044969,Validator,7
4,Node-3,497,0.615814971,Delegate,36
4,Node-6,398,0.988242585,Delegate,40
4,Node-12,885,0.928283719,Validator,19
5,Node-7,245,0.070196938,Follower,24
5,Node-17,964,0.450987159,Follower,30
5,Node-11,476,0.011663079,Leader,21
5,Node-20,77,0.820097751,Leader,4
5,Node-16,940,0.324839119,Follower,9
5,Node-2,294,0.03741007,Leader,6
5,Node-8,25,0.286132669,Delegate,29
5,Node-22,102,0.919366812,Follower,42
5,Node-23,624,0.729913235,Delegate,27
5,Node-15,858,0.603242041,Delegate,22
5,Node-13,191,0.022990094,Follower,7
5,Node-5,403,0.559997528,Leader,45
5,Node-25,739,0.876682342,Leader,40
5,Node-19,25,0.882723689,Follower,35
5,Node-1,920,0.371680164,Follower,28
5,Node-24,677,0.277115109,Follower,3
5,Node-10,213,0.154599769,Leader,16
5,Node-4,446,0.157834127,Follower,22
5,Node-18,387,0.272581318,Validator,44
5,Node-14,175,0.215797236,Delegate,2
5,Node-21,463,0.897184327,Follower,5
5,Node-9,20,0.08819078,Follower,11
5,Node-3,483,0.829958319,Validator,11
5,Node-6,723,0.466490123,Delegate,28
5,Node-12,796,0.475825083,Delegate,20
6,Node-7,41,0.717028136,Validator,38
6,Node-17,350,0.952782429,Leader,27
6,Node-11,502,0.460057945,Follower,17
6,Node-20,283,0.952074931,Validator,41
6,Node-16,479,0.484529351,Leader,22
6,Node-2,504,0.540100707,Leader,8
6,Node-8,303,0.736143455,Leader,2
6,Node-22,419,0.994793577,Validator,14
6,Node-23,117,0.896930236,Follower,37
6,Node-15,937,0.446866219,Leader,34
6,Node-13,726,0.503735916,Follower,33
6,Node-5,219,0.678052125,Leader,50
6,Node-25,610,0.368416265,Validator,47
6,Node-19,519,0.217598124,Delegate,8
6,Node-1,990,0.37915732,Leader,33
6,Node-24,820,0.410071257,Leader,17
6,Node-10,281,0.841072042,Follower,28
6,Node-4,512,0.676937353,Follower,23
6,Node-18,1000,0.995039986,Follower,19
6,Node-14,716,0.85487729,Leader,39
6,Node-21,177,0.347757028,Follower,16
6,Node-9,565,0.097969061,Leader,17
6,Node-3,303,0.203235319,Delegate,17
6,Node-6,243,0.880697268,Leader,9
6,Node-12,362,0.460781989,Follower,1
7,Node-7,561,0.097195381,Delegate,24
7,Node-17,724,0.0661627,Delegate,33
7,Node-11,767,0.762840312,Delegate,15
7,Node-20,752,0.796530796,Follower,23
7,Node-16,241,0.161103965,Follower,12
7,Node-2,277,0.650669685,Delegate,31
7,Node-8,269,0.610148075,Delegate,39
7,Node-22,173,0.91306911,Leader,46
7,Node-23,654,0.567257279,Validator,38
7,Node-15,441,0.302674914,Validator,41
7,Node-13,705,0.007151008,Leader,25
7,Node-5,410,0.297721329,Leader,6
7,Node-25,22,0.44824685,Leader,13
7,Node-19,130,0.488049098,Validator,17
7,Node-1,681,0.99767943,Leader,20
7,Node-24,885,0.323730581,Validator,50
7,Node-10,776,0.908025195,Delegate,41
7,Node-4,933,0.294669205,Validator,17
7,Node-18,907,0.125113358,Follower,45
7,Node-14,506,0.584896171,Validator,27
7,Node-21,805,0.873539076,Leader,24
7,Node-9,712,0.625254232,Leader,28
7,Node-3,205,0.171753331,Follower,14
7,Node-6,530,0.686393668,Delegate,30
7,Node-12,876,0.890784162,Delegate,42
8,Node-7,432,0.858734852,Delegate,0
8,Node-17,735,0.687567092,Follower,18
8,Node-11,827,0.770398275,Validator,35
8,Node-20,951,0.720535146,Leader,11
8,Node-16,306,0.531083038,Leader,27
8,Node-2,522,0.805563439,Follower,42
8,Node-8,971,0.245270218,Follower,5
8,Node-22,786,0.433317463,Leader,28
8,Node-23,340,0.493493274,Delegate,6
8,Node-15,604,0.855156942,Leader,17
8,Node-13,52,0.87391578,Delegate,35
8,Node-5,128,0.689914072,Leader,40
8,Node-25,221,0.140645461,Delegate,30
8,Node-19,620,0.456744478,Leader,49
8,Node-1,91,0.228640538,Delegate,3
8,Node-24,798,0.010974778,Leader,35
8,Node-10,612,0.496528308,Leader,35
8,Node-4,130,0.045628456,Delegate,42
8,Node-18,830,0.377076462,Validator,3
8,Node-14,465,0.153594853,Delegate,36
8,Node-21,709,0.836620861,Validator,21
8,Node-9,598,0.811763855,Follower,47
8,Node-3,222,0.786739732,Delegate,4
8,Node-6,32,0.683544019,Delegate,40
8,Node-12,406,0.641074012,Follower,10
